0,0.0,1.651,32.1,both_hand,servings00_crop.mp4
1,2.308,4.522,32.1,both_hand,servings00_crop.mp4
2,5.528,7.932,32.1,both_hand,servings00_crop.mp4
3,8.484,10.234,32.1,both_hand,servings00_crop.mp4
4,11.234,13.984,32.1,single_hand,servings00_crop.mp4
5,14.706,17.234,32.1,both_hand,servings00_crop.mp4
6,17.817,20.067,32.1,both_hand,servings00_crop.mp4
7,21.067,23.295,32.1,single_hand,servings00_crop.mp4
8,23.661,25.473,32.1,single_hand,servings00_crop.mp4
9,26.942,29.035,32.1,both_hand,servings00_crop.mp4
10,29.51,31.669,32.1,both_hand,servings00_crop.mp4
11,0.077,2.075,100.8,both_hand,servings01_crop.mp4
12,3.856,5.825,100.8,both_hand,servings01_crop.mp4
13,6.326,8.575,100.8,single_hand,servings01_crop.mp4
14,9.409,11.409,100.8,single_hand,servings01_crop.mp4
15,12.159,13.909,100.8,both_hand,servings01_crop.mp4
16,14.409,16.66,100.8,both_hand,servings01_crop.mp4
17,17.742,19.743,100.8,both_hand,servings01_crop.mp4
18,20.275,22.247,100.8,both_hand,servings01_crop.mp4
19,23.247,25.247,100.8,both_hand,servings01_crop.mp4
20,25.657,27.58,100.8,both_hand,servings01_crop.mp4
21,28.361,29.83,100.8,both_hand,servings01_crop.mp4
22,30.576,32.576,100.8,both_hand,servings01_crop.mp4
23,33.076,35.076,100.8,single_hand,servings01_crop.mp4
24,36.159,37.909,100.8,both_hand,servings01_crop.mp4
25,38.909,40.914,100.8,single_hand,servings01_crop.mp4
26,41.743,43.742,100.8,both_hand,servings01_crop.mp4
27,44.308,46.061,100.8,both_hand,servings01_crop.mp4
28,46.992,48.997,100.8,both_hand,servings01_crop.mp4
29,49.839,52.098,100.8,single_hand,servings01_crop.mp4
30,54.069,54.836,100.8,single_hand,servings01_crop.mp4
31,54.913,56.58,100.8,both_hand,servings01_crop.mp4
32,57.332,59.537,100.8,both_hand,servings01_crop.mp4
33,60.258,61.965,100.8,both_hand,servings01_crop.mp4
34,62.913,64.51,100.8,both_hand,servings01_crop.mp4
35,65.615,67.249,100.8,both_hand,servings01_crop.mp4
36,68.172,69.802,100.8,single_hand,servings01_crop.mp4
37,70.746,72.247,100.8,single_hand,servings01_crop.mp4
38,73.247,75.247,100.8,both_hand,servings01_crop.mp4
39,76.247,77.497,100.8,single_hand,servings01_crop.mp4
40,78.747,81.247,100.8,single_hand,servings01_crop.mp4
41,81.996,83.992,100.8,both_hand,servings01_crop.mp4
42,84.659,86.409,100.8,single_hand,servings01_crop.mp4
43,87.659,89.62,100.8,both_hand,servings01_crop.mp4
44,90.159,92.164,100.8,both_hand,servings01_crop.mp4
45,92.785,94.996,100.8,single_hand,servings01_crop.mp4
46,95.493,97.247,100.8,both_hand,servings01_crop.mp4
47,98.242,100.242,100.8,single_hand,servings01_crop.mp4
48,100.742,102.742,100.8,both_hand,servings01_crop.mp4
49,103.576,105.302,100.8,single_hand,servings01_crop.mp4
50,0.0,2.109,78.467,both_hand,servings02_crop.mp4
51,2.506,4.64,78.467,both_hand,servings02_crop.mp4
52,5.3,7.62,78.467,both_hand,servings02_crop.mp4
53,8.02,9.956,78.467,single_hand,servings02_crop.mp4
54,10.56,12.782,78.467,single_hand,servings02_crop.mp4
55,13.51,15.61,78.467,both_hand,servings02_crop.mp4
56,16.519,18.32,78.467,single_hand,servings02_crop.mp4
57,19.314,20.493,78.467,single_hand,servings02_crop.mp4
58,21.747,23.247,78.467,single_hand,servings02_crop.mp4
59,24.498,26.747,78.467,single_hand,servings02_crop.mp4
60,27.748,29.594,78.467,single_hand,servings02_crop.mp4
61,30.997,32.583,78.467,single_hand,servings02_crop.mp4
62,35.17,37.0,78.467,single_hand,servings02_crop.mp4
63,37.915,40.165,78.467,both_hand,servings02_crop.mp4
64,40.914,42.664,78.467,both_hand,servings02_crop.mp4
65,44.302,46.242,78.467,single_hand,servings02_crop.mp4
66,47.585,49.127,78.467,both_hand,servings02_crop.mp4
67,50.677,52.519,78.467,single_hand,servings02_crop.mp4
68,53.64,55.316,78.467,single_hand,servings02_crop.mp4
69,56.527,58.009,78.467,single_hand,servings02_crop.mp4
70,59.246,60.9,78.467,single_hand,servings02_crop.mp4
71,61.9,63.77,78.467,single_hand,servings02_crop.mp4
72,64.87,66.781,78.467,single_hand,servings02_crop.mp4
73,67.952,69.515,78.467,single_hand,servings02_crop.mp4
74,70.613,72.446,78.467,single_hand,servings02_crop.mp4
75,73.664,75.33,78.467,both_hand,servings02_crop.mp4
76,76.679,78.489,78.467,both_hand,servings02_crop.mp4
77,79.354,80.91,78.467,both_hand,servings02_crop.mp4
78,0.075,1.575,87.7,single_hand,servings03_crop.mp4
79,3.447,4.653,87.7,both_hand,servings03_crop.mp4
80,5.921,7.343,87.7,single_hand,servings03_crop.mp4
81,8.765,10.117,87.7,single_hand,servings03_crop.mp4
82,11.664,13.328,87.7,single_hand,servings03_crop.mp4
83,14.593,16.007,87.7,single_hand,servings03_crop.mp4
84,17.409,18.658,87.7,both_hand,servings03_crop.mp4
85,20.544,22.158,87.7,single_hand,servings03_crop.mp4
86,23.429,24.843,87.7,single_hand,servings03_crop.mp4
87,26.343,27.664,87.7,single_hand,servings03_crop.mp4
88,29.171,30.575,87.7,single_hand,servings03_crop.mp4
89,31.874,33.132,87.7,single_hand,servings03_crop.mp4
90,35.234,36.781,87.7,both_hand,servings03_crop.mp4
91,38.414,39.476,87.7,both_hand,servings03_crop.mp4
92,41.132,42.335,87.7,both_hand,servings03_crop.mp4
93,43.908,45.351,87.7,both_hand,servings03_crop.mp4
94,46.945,48.523,87.7,single_hand,servings03_crop.mp4
95,49.908,51.585,87.7,both_hand,servings03_crop.mp4
96,52.992,54.46,87.7,both_hand,servings03_crop.mp4
97,55.546,57.046,87.7,both_hand,servings03_crop.mp4
98,58.659,60.148,87.7,both_hand,servings03_crop.mp4
99,62.403,63.742,87.7,both_hand,servings03_crop.mp4
100,65.409,66.909,87.7,both_hand,servings03_crop.mp4
101,68.234,69.492,87.7,both_hand,servings03_crop.mp4
102,71.156,72.492,87.7,single_hand,servings03_crop.mp4
103,74.253,75.492,87.7,both_hand,servings03_crop.mp4
104,76.831,78.091,87.7,both_hand,servings03_crop.mp4
105,79.764,80.825,87.7,both_hand,servings03_crop.mp4
106,82.825,83.757,87.7,both_hand,servings03_crop.mp4
107,85.575,86.825,87.7,both_hand,servings03_crop.mp4
108,0.0,1.075,80.7,single_hand,servings04_crop.mp4
109,1.89,3.325,80.7,single_hand,servings04_crop.mp4
110,4.075,5.075,80.7,single_hand,servings04_crop.mp4
111,6.075,7.26,80.7,single_hand,servings04_crop.mp4
112,8.075,9.38,80.7,both_hand,servings04_crop.mp4
113,10.28,11.59,80.7,single_hand,servings04_crop.mp4
114,12.909,14.38,80.7,both_hand,servings04_crop.mp4
115,14.909,16.159,80.7,single_hand,servings04_crop.mp4
116,17.25,18.62,80.7,single_hand,servings04_crop.mp4
117,19.34,20.742,80.7,single_hand,servings04_crop.mp4
118,22.81,23.93,80.7,single_hand,servings04_crop.mp4
119,25.242,26.36,80.7,both_hand,servings04_crop.mp4
120,27.075,28.325,80.7,both_hand,servings04_crop.mp4
121,29.325,30.69,80.7,single_hand,servings04_crop.mp4
122,31.61,32.68,80.7,both_hand,servings04_crop.mp4
123,33.63,34.71,80.7,both_hand,servings04_crop.mp4
124,35.909,37.409,80.7,single_hand,servings04_crop.mp4
125,38.387,39.46,80.7,both_hand,servings04_crop.mp4
126,40.424,41.662,80.7,both_hand,servings04_crop.mp4
127,42.712,44.318,80.7,both_hand,servings04_crop.mp4
128,45.162,46.992,80.7,single_hand,servings04_crop.mp4
129,48.492,50.242,80.7,single_hand,servings04_crop.mp4
130,53.742,54.996,80.7,single_hand,servings04_crop.mp4
131,56.575,58.174,80.7,single_hand,servings04_crop.mp4
132,60.075,61.575,80.7,single_hand,servings04_crop.mp4
133,62.658,64.249,80.7,single_hand,servings04_crop.mp4
134,65.908,67.658,80.7,single_hand,servings04_crop.mp4
135,69.242,70.612,80.7,single_hand,servings04_crop.mp4
136,72.493,74.242,80.7,single_hand,servings04_crop.mp4
137,75.418,77.112,80.7,single_hand,servings04_crop.mp4
138,78.412,80.012,80.7,single_hand,servings04_crop.mp4
139,0.325,1.575,137.633,single_hand,servings05_crop.mp4
140,5.325,6.825,137.633,single_hand,servings05_crop.mp4
141,11.579,13.079,137.633,single_hand,servings05_crop.mp4
142,16.992,18.492,137.633,single_hand,servings05_crop.mp4
143,22.742,23.992,137.633,single_hand,servings05_crop.mp4
144,29.006,30.742,137.633,single_hand,servings05_crop.mp4
145,36.158,37.408,137.633,single_hand,servings05_crop.mp4
146,40.409,42.02,137.633,single_hand,servings05_crop.mp4
147,45.492,46.742,137.633,single_hand,servings05_crop.mp4
148,50.992,52.492,137.633,both_hand,servings05_crop.mp4
149,55.575,57.24,137.633,both_hand,servings05_crop.mp4
150,59.88,61.51,137.633,both_hand,servings05_crop.mp4
151,65.409,67.01,137.633,both_hand,servings05_crop.mp4
152,70.992,72.492,137.633,both_hand,servings05_crop.mp4
153,76.01,78.21,137.633,single_hand,servings05_crop.mp4
154,83.075,85.075,137.633,single_hand,servings05_crop.mp4
155,89.409,91.67,137.633,single_hand,servings05_crop.mp4
156,97.42,99.659,137.633,single_hand,servings05_crop.mp4
157,104.242,106.5,137.633,single_hand,servings05_crop.mp4
158,112.326,114.49,137.633,single_hand,servings05_crop.mp4
159,116.913,119.43,137.633,single_hand,servings05_crop.mp4
160,125.995,128.246,137.633,single_hand,servings05_crop.mp4
161,133.329,135.579,137.633,single_hand,servings05_crop.mp4
162,0.897,3.081,27.3,single_hand,servings06_crop.mp4
163,4.69,6.19,27.3,both_hand,servings06_crop.mp4
164,7.666,9.08,27.3,single_hand,servings06_crop.mp4
165,10.915,12.03,27.3,single_hand,servings06_crop.mp4
166,13.663,15.163,27.3,single_hand,servings06_crop.mp4
167,16.663,17.992,27.3,single_hand,servings06_crop.mp4
168,19.492,20.992,27.3,single_hand,servings06_crop.mp4
169,22.1,23.748,27.3,single_hand,servings06_crop.mp4
170,25.497,26.749,27.3,both_hand,servings06_crop.mp4
171,0.24,1.73,33.433,both_hand,servings07_crop.mp4
172,3.8,5.081,33.433,both_hand,servings07_crop.mp4
173,6.69,7.89,33.433,both_hand,servings07_crop.mp4
174,9.51,10.65,33.433,both_hand,servings07_crop.mp4
175,12.21,13.34,33.433,both_hand,servings07_crop.mp4
176,14.77,15.881,33.433,both_hand,servings07_crop.mp4
177,17.962,18.981,33.433,both_hand,servings07_crop.mp4
178,20.881,21.998,33.433,both_hand,servings07_crop.mp4
179,23.456,24.747,33.433,both_hand,servings07_crop.mp4
180,26.248,27.248,33.433,both_hand,servings07_crop.mp4
181,29.08,30.368,33.433,both_hand,servings07_crop.mp4
182,31.715,33.311,33.433,both_hand,servings07_crop.mp4
183,0.575,2.075,58.533,single_hand,servings08_crop.mp4
184,3.575,5.075,58.533,single_hand,servings08_crop.mp4
185,7.076,8.325,58.533,single_hand,servings08_crop.mp4
186,9.68,10.67,58.533,single_hand,servings08_crop.mp4
187,12.3,13.38,58.533,single_hand,servings08_crop.mp4
188,14.658,15.908,58.533,single_hand,servings08_crop.mp4
189,17.908,19.408,58.533,single_hand,servings08_crop.mp4
190,21.242,22.492,58.533,single_hand,servings08_crop.mp4
191,24.502,25.85,58.533,single_hand,servings08_crop.mp4
192,27.6,28.91,58.533,single_hand,servings08_crop.mp4
193,29.076,30.575,58.533,single_hand,servings08_crop.mp4
194,31.075,32.825,58.533,single_hand,servings08_crop.mp4
195,33.3,34.825,58.533,single_hand,servings08_crop.mp4
196,35.46,37.31,58.533,single_hand,servings08_crop.mp4
197,37.65,38.94,58.533,single_hand,servings08_crop.mp4
198,39.09,39.84,58.533,single_hand,servings08_crop.mp4
199,40.23,41.659,58.533,single_hand,servings08_crop.mp4
200,42.53,43.686,58.533,single_hand,servings08_crop.mp4
201,43.77,45.667,58.533,single_hand,servings08_crop.mp4
202,45.97,47.067,58.533,single_hand,servings08_crop.mp4
203,47.567,49.317,58.533,single_hand,servings08_crop.mp4
204,50.57,52.067,58.533,single_hand,servings08_crop.mp4
205,53.15,54.9,58.533,single_hand,servings08_crop.mp4
206,55.9,57.151,58.533,single_hand,servings08_crop.mp4
207,2.535,3.658,12.9,single_hand,servings09_crop.mp4
208,4.659,6.159,12.9,single_hand,servings09_crop.mp4
209,7.653,9.161,12.9,single_hand,servings09_crop.mp4
210,10.486,11.983,12.9,single_hand,servings09_crop.mp4
211,0.653,2.409,45.0,single_hand,servings10_crop.mp4
212,3.658,5.159,45.0,single_hand,servings10_crop.mp4
213,7.28,8.41,45.0,single_hand,servings10_crop.mp4
214,10.159,11.406,45.0,single_hand,servings10_crop.mp4
215,12.658,13.908,45.0,single_hand,servings10_crop.mp4
216,15.159,16.409,45.0,single_hand,servings10_crop.mp4
217,17.67,19.35,45.0,single_hand,servings10_crop.mp4
218,20.81,22.14,45.0,single_hand,servings10_crop.mp4
219,23.326,24.324,45.0,single_hand,servings10_crop.mp4
220,26.074,27.575,45.0,single_hand,servings10_crop.mp4
221,28.901,30.157,45.0,single_hand,servings10_crop.mp4
222,31.409,33.157,45.0,single_hand,servings10_crop.mp4
223,33.94,35.41,45.0,single_hand,servings10_crop.mp4
224,36.493,37.993,45.0,single_hand,servings10_crop.mp4
225,38.993,40.992,45.0,single_hand,servings10_crop.mp4
226,0.0,1.152,14.967,single_hand,servings11_crop.mp4
227,2.471,4.23,14.967,single_hand,servings11_crop.mp4
228,5.405,6.96,14.967,single_hand,servings11_crop.mp4
229,7.901,9.407,14.967,single_hand,servings11_crop.mp4
230,11.158,12.659,14.967,single_hand,servings11_crop.mp4
231,13.658,14.829,14.967,single_hand,servings11_crop.mp4
232,0.159,1.668,9.833,single_hand,servings12_crop.mp4
233,2.16,3.669,9.833,single_hand,servings12_crop.mp4
234,3.959,5.168,9.833,single_hand,servings12_crop.mp4
235,5.316,6.912,9.833,single_hand,servings12_crop.mp4
236,7.043,8.912,9.833,single_hand,servings12_crop.mp4
237,0.152,1.41,7.9,both_hand,servings13_crop.mp4
238,3.152,4.659,7.9,both_hand,servings13_crop.mp4
239,5.661,7.4,7.9,single_hand,servings13_crop.mp4
240,0.416,1.541,1.867,single_hand,servings14_crop.mp4
241,28.151,30.152,39.667,single_hand,servings15_crop.mp4
242,30.902,31.658,39.667,both_hand,servings15_crop.mp4
243,33.658,35.157,39.667,both_hand,servings15_crop.mp4
244,36.038,37.741,39.667,single_hand,servings15_crop.mp4
245,1.901,3.657,68.733,single_hand,servings16_crop.mp4
246,4.909,6.908,68.733,single_hand,servings16_crop.mp4
247,8.159,10.158,68.733,both_hand,servings16_crop.mp4
248,11.159,13.28,68.733,single_hand,servings16_crop.mp4
249,14.24,16.241,68.733,single_hand,servings16_crop.mp4
250,16.992,19.241,68.733,single_hand,servings16_crop.mp4
251,20.068,21.823,68.733,single_hand,servings16_crop.mp4
252,22.824,24.824,68.733,single_hand,servings16_crop.mp4
253,26.074,27.575,68.733,both_hand,servings16_crop.mp4
254,29.074,31.074,68.733,single_hand,servings16_crop.mp4
255,32.325,34.325,68.733,single_hand,servings16_crop.mp4
256,35.074,37.324,68.733,single_hand,servings16_crop.mp4
257,38.325,40.326,68.733,both_hand,servings16_crop.mp4
258,41.324,43.574,68.733,both_hand,servings16_crop.mp4
259,44.325,46.324,68.733,both_hand,servings16_crop.mp4
260,47.568,49.324,68.733,single_hand,servings16_crop.mp4
261,50.325,52.073,68.733,single_hand,servings16_crop.mp4
262,53.324,54.824,68.733,single_hand,servings16_crop.mp4
263,56.324,57.574,68.733,both_hand,servings16_crop.mp4
264,58.825,60.325,68.733,both_hand,servings16_crop.mp4
265,61.824,64.074,68.733,both_hand,servings16_crop.mp4
266,64.825,66.825,68.733,single_hand,servings16_crop.mp4
267,67.824,69.571,68.733,single_hand,servings16_crop.mp4
268,0.501,2.408,50.7,both_hand,servings17_crop.mp4
269,3.157,4.658,50.7,single_hand,servings17_crop.mp4
270,5.659,7.406,50.7,single_hand,servings17_crop.mp4
271,8.401,10.158,50.7,single_hand,servings17_crop.mp4
272,11.158,12.584,50.7,both_hand,servings17_crop.mp4
273,12.771,14.234,50.7,single_hand,servings17_crop.mp4
274,14.984,16.739,50.7,both_hand,servings17_crop.mp4
275,17.74,19.742,50.7,single_hand,servings17_crop.mp4
276,20.593,22.322,50.7,both_hand,servings17_crop.mp4
277,23.323,25.322,50.7,both_hand,servings17_crop.mp4
278,25.673,27.655,50.7,single_hand,servings17_crop.mp4
279,28.406,30.155,50.7,single_hand,servings17_crop.mp4
280,32.671,34.142,50.7,single_hand,servings17_crop.mp4
281,35.234,36.989,50.7,single_hand,servings17_crop.mp4
282,37.734,39.739,50.7,single_hand,servings17_crop.mp4
283,40.234,42.49,50.7,single_hand,servings17_crop.mp4
284,42.99,44.989,50.7,both_hand,servings17_crop.mp4
285,45.65,47.822,50.7,single_hand,servings17_crop.mp4
286,48.317,50.323,50.7,single_hand,servings17_crop.mp4
287,1.401,3.151,5.933,single_hand,servings18_crop.mp4
288,3.411,4.905,5.933,single_hand,servings18_crop.mp4
289,0.401,1.652,20.433,single_hand,servings19_crop.mp4
290,4.151,5.652,20.433,single_hand,servings19_crop.mp4
291,5.901,7.152,20.433,single_hand,servings19_crop.mp4
292,7.901,9.576,20.433,both_hand,servings19_crop.mp4
293,9.59,11.34,20.433,both_hand,servings19_crop.mp4
294,11.659,12.909,20.433,single_hand,servings19_crop.mp4
295,13.05,14.41,20.433,single_hand,servings19_crop.mp4
296,15.16,16.415,20.433,single_hand,servings19_crop.mp4
297,16.485,17.915,20.433,single_hand,servings19_crop.mp4
298,18.165,19.658,20.433,single_hand,servings19_crop.mp4
299,0.577,2.333,25.067,single_hand,servings20_crop.mp4
300,3.333,5.084,25.067,both_hand,servings20_crop.mp4
301,6.115,7.833,25.067,single_hand,servings20_crop.mp4
302,8.91,10.416,25.067,single_hand,servings20_crop.mp4
303,11.665,13.166,25.067,single_hand,servings20_crop.mp4
304,14.417,15.666,25.067,single_hand,servings20_crop.mp4
305,16.743,18.749,25.067,both_hand,servings20_crop.mp4
306,19.493,20.749,25.067,single_hand,servings20_crop.mp4
307,22.25,23.993,25.067,single_hand,servings20_crop.mp4
308,0.0,2.083,29.8,single_hand,servings21_crop.mp4
309,7.098,8.2,29.8,single_hand,servings21_crop.mp4
310,9.082,10.332,29.8,single_hand,servings21_crop.mp4
311,10.91,12.166,29.8,single_hand,servings21_crop.mp4
312,12.459,13.916,29.8,single_hand,servings21_crop.mp4
313,14.57,15.666,29.8,single_hand,servings21_crop.mp4
314,16.417,17.416,29.8,single_hand,servings21_crop.mp4
315,18.0,19.205,29.8,single_hand,servings21_crop.mp4
316,19.744,20.75,29.8,single_hand,servings21_crop.mp4
317,21.25,22.751,29.8,single_hand,servings21_crop.mp4
318,23.5,25.0,29.8,single_hand,servings21_crop.mp4
319,25.12,26.57,29.8,single_hand,servings21_crop.mp4
320,27.29,28.835,29.8,single_hand,servings21_crop.mp4
321,29.077,30.282,29.8,single_hand,servings21_crop.mp4
322,0.934,2.652,122.633,single_hand,servings22_crop.mp4
323,3.589,5.649,122.633,single_hand,servings22_crop.mp4
324,6.652,7.98,122.633,single_hand,servings22_crop.mp4
325,9.274,11.398,122.633,single_hand,servings22_crop.mp4
326,12.235,14.235,122.633,single_hand,servings22_crop.mp4
327,14.559,16.993,122.633,single_hand,servings22_crop.mp4
328,17.568,19.574,122.633,single_hand,servings22_crop.mp4
329,20.575,22.574,122.633,single_hand,servings22_crop.mp4
330,23.319,25.074,122.633,single_hand,servings22_crop.mp4
331,25.902,28.158,122.633,single_hand,servings22_crop.mp4
332,30.908,32.725,122.633,single_hand,servings22_crop.mp4
333,33.531,35.991,122.633,single_hand,servings22_crop.mp4
334,36.735,38.741,122.633,single_hand,servings22_crop.mp4
335,39.493,41.491,122.633,single_hand,servings22_crop.mp4
336,42.319,44.324,122.633,single_hand,servings22_crop.mp4
337,45.062,47.073,122.633,single_hand,servings22_crop.mp4
338,47.795,49.825,122.633,single_hand,servings22_crop.mp4
339,50.576,52.574,122.633,single_hand,servings22_crop.mp4
340,53.659,55.492,122.633,single_hand,servings22_crop.mp4
341,56.401,58.158,122.633,single_hand,servings22_crop.mp4
342,59.908,61.658,122.633,single_hand,servings22_crop.mp4
343,62.492,64.491,122.633,single_hand,servings22_crop.mp4
344,65.491,67.242,122.633,single_hand,servings22_crop.mp4
345,68.068,69.824,122.633,single_hand,servings22_crop.mp4
346,70.318,72.326,122.633,single_hand,servings22_crop.mp4
347,73.074,75.324,122.633,single_hand,servings22_crop.mp4
348,76.902,77.402,122.633,single_hand,servings22_crop.mp4
349,77.805,79.408,122.633,single_hand,servings22_crop.mp4
350,80.4,82.408,122.633,single_hand,servings22_crop.mp4
351,83.151,84.657,122.633,single_hand,servings22_crop.mp4
352,85.485,86.992,122.633,single_hand,servings22_crop.mp4
353,88.242,89.666,122.633,single_hand,servings22_crop.mp4
354,90.235,91.992,122.633,single_hand,servings22_crop.mp4
355,93.133,94.933,122.633,single_hand,servings22_crop.mp4
356,95.758,97.575,122.633,single_hand,servings22_crop.mp4
357,98.383,100.366,122.633,single_hand,servings22_crop.mp4
358,100.818,102.658,122.633,single_hand,servings22_crop.mp4
359,104.033,105.658,122.633,single_hand,servings22_crop.mp4
360,106.159,108.166,122.633,single_hand,servings22_crop.mp4
361,108.735,110.493,122.633,single_hand,servings22_crop.mp4
362,111.243,112.741,122.633,single_hand,servings22_crop.mp4
363,113.741,115.243,122.633,single_hand,servings22_crop.mp4
364,116.433,118.066,122.633,single_hand,servings22_crop.mp4
365,119.068,120.826,122.633,single_hand,servings22_crop.mp4
366,121.568,122.767,122.633,single_hand,servings22_crop.mp4
367,0.0,1.152,38.433,single_hand,servings23_crop.mp4
368,2.152,3.901,38.433,single_hand,servings23_crop.mp4
369,4.651,6.407,38.433,single_hand,servings23_crop.mp4
370,7.142,9.085,38.433,single_hand,servings23_crop.mp4
371,9.741,11.74,38.433,single_hand,servings23_crop.mp4
372,12.241,14.271,38.433,single_hand,servings23_crop.mp4
373,14.491,16.739,38.433,single_hand,servings23_crop.mp4
374,17.491,19.241,38.433,single_hand,servings23_crop.mp4
375,20.135,22.073,38.433,single_hand,servings23_crop.mp4
376,22.825,25.073,38.433,single_hand,servings23_crop.mp4
377,25.658,27.557,38.433,single_hand,servings23_crop.mp4
378,28.401,30.406,38.433,single_hand,servings23_crop.mp4
379,31.242,33.257,38.433,single_hand,servings23_crop.mp4
380,33.985,35.99,38.433,single_hand,servings23_crop.mp4
381,36.342,38.634,38.433,single_hand,servings23_crop.mp4
382,0.901,2.906,45.933,single_hand,servings24_crop.mp4
383,3.401,5.157,45.933,single_hand,servings24_crop.mp4
384,6.157,7.906,45.933,single_hand,servings24_crop.mp4
385,11.506,13.24,45.933,single_hand,servings24_crop.mp4
386,14.04,15.74,45.933,single_hand,servings24_crop.mp4
387,16.985,18.99,45.933,single_hand,servings24_crop.mp4
388,21.568,23.074,45.933,single_hand,servings24_crop.mp4
389,24.073,26.073,45.933,single_hand,servings24_crop.mp4
390,26.658,28.408,45.933,single_hand,servings24_crop.mp4
391,29.907,31.407,45.933,single_hand,servings24_crop.mp4
392,32.714,33.899,45.933,single_hand,servings24_crop.mp4
393,37.991,40.028,45.933,single_hand,servings24_crop.mp4
394,40.87,42.491,45.933,single_hand,servings24_crop.mp4
395,43.741,45.934,45.933,single_hand,servings24_crop.mp4
396,0.1,1.404,13.567,single_hand,servings25_crop.mp4
397,1.6,2.912,13.567,single_hand,servings25_crop.mp4
398,3.28,4.662,13.567,single_hand,servings25_crop.mp4
399,5.156,6.61,13.567,single_hand,servings25_crop.mp4
400,7.165,8.412,13.567,both_hand,servings25_crop.mp4
401,8.91,10.161,13.567,both_hand,servings25_crop.mp4
402,10.661,11.736,13.567,both_hand,servings25_crop.mp4
403,11.986,12.49,13.567,both_hand,servings25_crop.mp4
404,0.0,0.907,20.733,single_hand,servings26_crop.mp4
405,1.569,2.908,20.733,single_hand,servings26_crop.mp4
406,3.402,4.66,20.733,single_hand,servings26_crop.mp4
407,4.909,6.408,20.733,single_hand,servings26_crop.mp4
408,6.908,8.16,20.733,single_hand,servings26_crop.mp4
409,8.405,9.645,20.733,single_hand,servings26_crop.mp4
410,10.265,11.455,20.733,single_hand,servings26_crop.mp4
411,11.936,13.497,20.733,single_hand,servings26_crop.mp4
412,13.736,14.997,20.733,single_hand,servings26_crop.mp4
413,15.497,16.745,20.733,single_hand,servings26_crop.mp4
414,17.497,18.746,20.733,single_hand,servings26_crop.mp4
415,19.245,20.747,20.733,single_hand,servings26_crop.mp4
416,0.871,2.407,10.7,single_hand,servings27_crop.mp4
417,3.401,5.155,10.7,single_hand,servings27_crop.mp4
418,5.656,7.653,10.7,single_hand,servings27_crop.mp4
419,8.655,10.535,10.7,single_hand,servings27_crop.mp4
420,0.122,1.901,47.067,both_hand,servings28_crop.mp4
421,3.53,5.157,47.067,both_hand,servings28_crop.mp4
422,6.78,7.907,47.067,both_hand,servings28_crop.mp4
423,9.906,11.03,47.067,both_hand,servings28_crop.mp4
424,12.74,13.99,47.067,both_hand,servings28_crop.mp4
425,15.491,16.74,47.067,both_hand,servings28_crop.mp4
426,19.02,20.324,47.067,both_hand,servings28_crop.mp4
427,22.23,23.574,47.067,both_hand,servings28_crop.mp4
428,25.704,27.156,47.067,both_hand,servings28_crop.mp4
429,28.3,29.905,47.067,both_hand,servings28_crop.mp4
430,31.658,33.406,47.067,both_hand,servings28_crop.mp4
431,35.241,36.74,47.067,both_hand,servings28_crop.mp4
432,38.489,39.771,47.067,both_hand,servings28_crop.mp4
433,41.24,42.989,47.067,both_hand,servings28_crop.mp4
434,44.988,46.379,47.067,both_hand,servings28_crop.mp4
435,2.651,4.401,16.8,single_hand,servings29_crop.mp4
436,5.905,8.155,16.8,single_hand,servings29_crop.mp4
437,9.149,11.612,16.8,single_hand,servings29_crop.mp4
438,11.984,14.238,16.8,single_hand,servings29_crop.mp4
439,14.988,16.587,16.8,single_hand,servings29_crop.mp4
440,1.308,3.0,36.067,single_hand,servings30_crop.mp4
441,4.152,5.658,36.067,single_hand,servings30_crop.mp4
442,6.658,8.407,36.067,single_hand,servings30_crop.mp4
443,9.735,11.485,36.067,single_hand,servings30_crop.mp4
444,12.985,14.485,36.067,single_hand,servings30_crop.mp4
445,16.24,17.58,36.067,single_hand,servings30_crop.mp4
446,19.068,20.324,36.067,both_hand,servings30_crop.mp4
447,21.825,23.574,36.067,single_hand,servings30_crop.mp4
448,24.574,26.325,36.067,single_hand,servings30_crop.mp4
449,27.401,28.907,36.067,single_hand,servings30_crop.mp4
450,30.158,31.907,36.067,single_hand,servings30_crop.mp4
451,33.159,35.154,36.067,single_hand,servings30_crop.mp4
452,1.185,2.66,10.467,single_hand,servings31_crop.mp4
453,4.42,5.56,10.467,single_hand,servings31_crop.mp4
454,7.652,9.65,10.467,single_hand,servings31_crop.mp4
455,0.152,1.152,18.8,both_hand,servings32_crop.mp4
456,2.903,4.153,18.8,both_hand,servings32_crop.mp4
457,5.653,6.653,18.8,both_hand,servings32_crop.mp4
458,8.652,9.902,18.8,both_hand,servings32_crop.mp4
459,11.652,12.902,18.8,both_hand,servings32_crop.mp4
460,14.653,15.653,18.8,both_hand,servings32_crop.mp4
461,17.152,18.601,18.8,single_hand,servings32_crop.mp4
462,0.403,1.902,28.667,single_hand,servings33_crop.mp4
463,4.263,5.409,28.667,both_hand,servings33_crop.mp4
464,7.659,9.409,28.667,both_hand,servings33_crop.mp4
465,12.236,13.436,28.667,single_hand,servings33_crop.mp4
466,15.836,16.994,28.667,single_hand,servings33_crop.mp4
467,19.326,20.825,28.667,both_hand,servings33_crop.mp4
468,22.6,23.826,28.667,single_hand,servings33_crop.mp4
469,26.075,27.571,28.667,single_hand,servings33_crop.mp4
470,0.902,2.152,9.367,single_hand,servings34_crop.mp4
471,3.907,5.16,9.367,single_hand,servings34_crop.mp4
472,7.408,9.001,9.367,single_hand,servings34_crop.mp4
473,0.0,1.151,36.567,single_hand,servings35_crop.mp4
474,2.401,3.901,36.567,both_hand,servings35_crop.mp4
475,5.401,7.152,36.567,single_hand,servings35_crop.mp4
476,8.652,9.902,36.567,single_hand,servings35_crop.mp4
477,11.652,12.907,36.567,single_hand,servings35_crop.mp4
478,15.794,17.242,36.567,single_hand,servings35_crop.mp4
479,18.573,20.051,36.567,both_hand,servings35_crop.mp4
480,21.575,22.575,36.567,single_hand,servings35_crop.mp4
481,23.824,25.323,36.567,single_hand,servings35_crop.mp4
482,26.907,27.974,36.567,single_hand,servings35_crop.mp4
483,30.908,32.159,36.567,single_hand,servings35_crop.mp4
484,33.908,35.025,36.567,both_hand,servings35_crop.mp4
485,1.151,2.901,13.9,single_hand,servings36_crop.mp4
486,4.652,5.901,13.9,single_hand,servings36_crop.mp4
487,8.905,10.406,13.9,single_hand,servings36_crop.mp4
488,12.655,14.078,13.9,single_hand,servings36_crop.mp4
489,0.93,2.46,51.333,single_hand,servings37_crop.mp4
490,4.401,5.906,51.333,single_hand,servings37_crop.mp4
491,7.158,8.655,51.333,single_hand,servings37_crop.mp4
492,10.156,11.906,51.333,single_hand,servings37_crop.mp4
493,13.655,15.155,51.333,single_hand,servings37_crop.mp4
494,16.489,17.989,51.333,single_hand,servings37_crop.mp4
495,19.51,20.95,51.333,single_hand,servings37_crop.mp4
496,22.324,24.072,51.333,both_hand,servings37_crop.mp4
497,25.823,27.071,51.333,both_hand,servings37_crop.mp4
498,28.324,30.323,51.333,single_hand,servings37_crop.mp4
499,31.906,33.64,51.333,both_hand,servings37_crop.mp4
500,34.99,36.49,51.333,single_hand,servings37_crop.mp4
501,38.55,39.83,51.333,both_hand,servings37_crop.mp4
502,41.49,42.74,51.333,both_hand,servings37_crop.mp4
503,45.15,46.39,51.333,single_hand,servings37_crop.mp4
504,48.073,49.823,51.333,single_hand,servings37_crop.mp4
505,2.04,3.14,23.367,both_hand,servings38_crop.mp4
506,4.44,5.908,23.367,both_hand,servings38_crop.mp4
507,7.84,9.44,23.367,both_hand,servings38_crop.mp4
508,10.99,11.991,23.367,both_hand,servings38_crop.mp4
509,13.81,14.991,23.367,both_hand,servings38_crop.mp4
510,16.491,17.991,23.367,both_hand,servings38_crop.mp4
511,19.326,21.324,23.367,both_hand,servings38_crop.mp4
512,22.325,23.656,23.367,both_hand,servings38_crop.mp4
513,1.657,3.157,26.2,single_hand,servings39_crop.mp4
514,5.27,6.658,26.2,single_hand,servings39_crop.mp4
515,8.156,9.658,26.2,both_hand,servings39_crop.mp4
516,11.741,13.24,26.2,both_hand,servings39_crop.mp4
517,14.735,16.491,26.2,single_hand,servings39_crop.mp4
518,18.14,19.38,26.2,both_hand,servings39_crop.mp4
519,21.068,22.573,26.2,single_hand,servings39_crop.mp4
520,24.074,25.591,26.2,both_hand,servings39_crop.mp4
521,0.902,2.406,10.3,both_hand,servings40_crop.mp4
522,3.906,5.656,10.3,single_hand,servings40_crop.mp4
523,6.656,8.406,10.3,single_hand,servings40_crop.mp4
524,4.401,5.905,23.333,single_hand,servings41_crop.mp4
525,7.154,8.651,23.333,single_hand,servings41_crop.mp4
526,9.651,11.401,23.333,single_hand,servings41_crop.mp4
527,12.151,13.655,23.333,single_hand,servings41_crop.mp4
528,14.405,16.405,23.333,single_hand,servings41_crop.mp4
529,17.318,19.073,23.333,single_hand,servings41_crop.mp4
530,19.823,21.575,23.333,single_hand,servings41_crop.mp4
531,22.43,23.604,23.333,single_hand,servings41_crop.mp4
532,0.901,2.655,12.5,both_hand,servings42_crop.mp4
533,3.905,5.405,12.5,both_hand,servings42_crop.mp4
534,6.405,7.904,12.5,both_hand,servings42_crop.mp4
535,8.655,10.409,12.5,both_hand,servings42_crop.mp4
536,0.151,1.905,16.3,single_hand,servings43_crop.mp4
537,3.656,5.156,16.3,single_hand,servings43_crop.mp4
538,7.652,8.658,16.3,single_hand,servings43_crop.mp4
539,10.656,12.157,16.3,single_hand,servings43_crop.mp4
540,13.657,15.4,16.3,single_hand,servings43_crop.mp4
541,0.401,1.657,13.2,single_hand,servings44_crop.mp4
542,2.152,3.156,13.2,single_hand,servings44_crop.mp4
543,4.156,5.156,13.2,single_hand,servings44_crop.mp4
544,5.901,6.657,13.2,single_hand,servings44_crop.mp4
545,8.156,9.156,13.2,single_hand,servings44_crop.mp4
546,9.734,10.989,13.2,single_hand,servings44_crop.mp4
547,11.738,12.926,13.2,single_hand,servings44_crop.mp4
548,2.655,4.154,45.367,single_hand,servings45_crop.mp4
549,5.404,6.905,45.367,single_hand,servings45_crop.mp4
550,8.154,9.655,45.367,single_hand,servings45_crop.mp4
551,11.155,12.654,45.367,both_hand,servings45_crop.mp4
552,13.905,15.404,45.367,single_hand,servings45_crop.mp4
553,16.155,18.655,45.367,single_hand,servings45_crop.mp4
554,19.325,20.824,45.367,both_hand,servings45_crop.mp4
555,21.822,23.821,45.367,single_hand,servings45_crop.mp4
556,26.82,28.317,45.367,both_hand,servings45_crop.mp4
557,31.818,33.571,45.367,both_hand,servings45_crop.mp4
558,34.821,37.071,45.367,both_hand,servings45_crop.mp4
559,38.071,40.1,45.367,single_hand,servings45_crop.mp4
560,41.321,42.821,45.367,single_hand,servings45_crop.mp4
561,43.821,45.332,45.367,single_hand,servings45_crop.mp4
562,1.83,2.906,40.8,both_hand,servings46_crop.mp4
563,4.906,5.906,40.8,both_hand,servings46_crop.mp4
564,7.906,8.905,40.8,both_hand,servings46_crop.mp4
565,11.4,12.489,40.8,both_hand,servings46_crop.mp4
566,14.76,16.33,40.8,single_hand,servings46_crop.mp4
567,17.738,18.989,40.8,single_hand,servings46_crop.mp4
568,21.6,22.87,40.8,both_hand,servings46_crop.mp4
569,24.818,26.072,40.8,both_hand,servings46_crop.mp4
570,27.323,28.823,40.8,both_hand,servings46_crop.mp4
571,30.823,32.073,40.8,both_hand,servings46_crop.mp4
572,34.073,35.323,40.8,both_hand,servings46_crop.mp4
573,36.823,38.071,40.8,both_hand,servings46_crop.mp4
574,0.0,1.151,31.733,single_hand,servings47_crop.mp4
575,2.062,3.156,31.733,single_hand,servings47_crop.mp4
576,4.656,5.907,31.733,both_hand,servings47_crop.mp4
577,6.401,7.654,31.733,both_hand,servings47_crop.mp4
578,8.401,9.656,31.733,single_hand,servings47_crop.mp4
579,10.157,11.404,31.733,both_hand,servings47_crop.mp4
580,12.234,13.234,31.733,single_hand,servings47_crop.mp4
581,13.984,15.237,31.733,single_hand,servings47_crop.mp4
582,15.734,17.318,31.733,single_hand,servings47_crop.mp4
583,17.978,18.823,31.733,both_hand,servings47_crop.mp4
584,19.322,20.821,31.733,both_hand,servings47_crop.mp4
585,21.574,22.823,31.733,single_hand,servings47_crop.mp4
586,24.071,25.323,31.733,both_hand,servings47_crop.mp4
587,26.651,27.656,31.733,both_hand,servings47_crop.mp4
588,28.651,29.905,31.733,single_hand,servings47_crop.mp4
589,30.405,31.761,31.733,single_hand,servings47_crop.mp4
590,1.659,2.909,34.3,single_hand,servings48_crop.mp4
591,4.409,5.909,34.3,both_hand,servings48_crop.mp4
592,7.16,8.66,34.3,single_hand,servings48_crop.mp4
593,10.158,11.657,34.3,single_hand,servings48_crop.mp4
594,13.157,14.657,34.3,both_hand,servings48_crop.mp4
595,15.985,17.24,34.3,single_hand,servings48_crop.mp4
596,17.758,18.823,34.3,single_hand,servings48_crop.mp4
597,20.568,21.825,34.3,single_hand,servings48_crop.mp4
598,23.319,25.074,34.3,single_hand,servings48_crop.mp4
599,26.825,28.075,34.3,single_hand,servings48_crop.mp4
600,29.826,31.327,34.3,both_hand,servings48_crop.mp4
601,33.077,33.986,34.3,both_hand,servings48_crop.mp4
602,33.986,35.22,34.3,single_hand,servings48_crop.mp4
603,0.652,2.16,22.033,single_hand,servings49_crop.mp4
604,3.908,5.163,22.033,both_hand,servings49_crop.mp4
605,6.662,7.907,22.033,both_hand,servings49_crop.mp4
606,9.408,10.159,22.033,single_hand,servings49_crop.mp4
607,11.908,13.408,22.033,single_hand,servings49_crop.mp4
608,14.735,16.494,22.033,single_hand,servings49_crop.mp4
609,17.495,19.242,22.033,single_hand,servings49_crop.mp4
610,20.492,22.054,22.033,single_hand,servings49_crop.mp4
611,1.158,3.402,19.5,single_hand,servings50_crop.mp4
612,5.158,6.657,19.5,single_hand,servings50_crop.mp4
613,8.152,10.152,19.5,single_hand,servings50_crop.mp4
614,10.784,12.485,19.5,single_hand,servings50_crop.mp4
615,14.1,15.741,19.5,single_hand,servings50_crop.mp4
616,17.24,19.172,19.5,single_hand,servings50_crop.mp4
617,0.953,2.651,15.467,single_hand,servings51_crop.mp4
618,3.652,5.408,15.467,single_hand,servings51_crop.mp4
619,7.158,8.658,15.467,single_hand,servings51_crop.mp4
620,10.907,12.658,15.467,single_hand,servings51_crop.mp4
621,14.158,15.922,15.467,single_hand,servings51_crop.mp4
622,0.152,1.907,29.3,both_hand,servings52_crop.mp4
623,3.612,5.158,29.3,both_hand,servings52_crop.mp4
624,6.158,7.908,29.3,both_hand,servings52_crop.mp4
625,9.907,11.657,29.3,both_hand,servings52_crop.mp4
626,13.406,14.907,29.3,both_hand,servings52_crop.mp4
627,16.657,18.073,29.3,both_hand,servings52_crop.mp4
628,20.573,22.073,29.3,both_hand,servings52_crop.mp4
629,23.324,24.824,29.3,single_hand,servings52_crop.mp4
630,26.824,28.605,29.3,both_hand,servings52_crop.mp4
631,0.652,1.907,18.9,both_hand,servings53_crop.mp4
632,3.658,5.407,18.9,both_hand,servings53_crop.mp4
633,7.159,8.659,18.9,both_hand,servings53_crop.mp4
634,10.067,11.74,18.9,both_hand,servings53_crop.mp4
635,12.99,15.235,18.9,both_hand,servings53_crop.mp4
636,17.068,18.75,18.9,both_hand,servings53_crop.mp4
637,0.0,0.902,14.933,single_hand,servings54_crop.mp4
638,2.153,3.66,14.933,single_hand,servings54_crop.mp4
639,4.161,5.66,14.933,single_hand,servings54_crop.mp4
640,6.66,7.91,14.933,single_hand,servings54_crop.mp4
641,8.735,10.243,14.933,single_hand,servings54_crop.mp4
642,10.986,12.744,14.933,single_hand,servings54_crop.mp4
643,13.494,14.83,14.933,single_hand,servings54_crop.mp4
644,1.15,2.65,33.967,single_hand,servings55_crop.mp4
645,3.65,5.4,33.967,single_hand,servings55_crop.mp4
646,6.65,8.15,33.967,single_hand,servings55_crop.mp4
647,9.4,10.984,33.967,single_hand,servings55_crop.mp4
648,12.484,13.734,33.967,both_hand,servings55_crop.mp4
649,15.237,16.987,33.967,both_hand,servings55_crop.mp4
650,17.987,19.487,33.967,both_hand,servings55_crop.mp4
651,20.988,22.488,33.967,both_hand,servings55_crop.mp4
652,23.738,25.237,33.967,both_hand,servings55_crop.mp4
653,26.238,27.65,33.967,both_hand,servings55_crop.mp4
654,28.912,30.4,33.967,single_hand,servings55_crop.mp4
655,31.65,33.4,33.967,single_hand,servings55_crop.mp4
656,0.4,1.9,6.9,single_hand,servings56_crop.mp4
657,2.65,3.65,6.9,single_hand,servings56_crop.mp4
658,4.561,5.65,6.9,single_hand,servings56_crop.mp4
659,0.0,0.902,11.3,both_hand,servings57_crop.mp4
660,1.9,2.9,11.3,both_hand,servings57_crop.mp4
661,3.65,4.654,11.3,single_hand,servings57_crop.mp4
662,5.404,6.404,11.3,both_hand,servings57_crop.mp4
663,7.654,8.404,11.3,single_hand,servings57_crop.mp4
664,9.408,10.4,11.3,single_hand,servings57_crop.mp4
665,3.4,5.65,34.5,single_hand,servings58_crop.mp4
666,7.151,9.401,34.5,single_hand,servings58_crop.mp4
667,14.901,17.151,34.5,single_hand,servings58_crop.mp4
668,23.404,25.654,34.5,single_hand,servings58_crop.mp4
669,31.401,34.101,34.5,single_hand,servings58_crop.mp4
670,1.9,3.344,22.667,single_hand,servings59_crop.mp4
671,5.672,6.758,22.667,single_hand,servings59_crop.mp4
672,6.811,8.157,22.667,single_hand,servings59_crop.mp4
673,9.657,11.154,22.667,single_hand,servings59_crop.mp4
674,12.405,13.654,22.667,single_hand,servings59_crop.mp4
675,15.405,16.654,22.667,single_hand,servings59_crop.mp4
676,18.067,19.821,22.667,single_hand,servings59_crop.mp4
677,20.817,22.378,22.667,single_hand,servings59_crop.mp4
678,0.151,1.654,15.0,single_hand,servings60_crop.mp4
679,2.465,4.404,15.0,single_hand,servings60_crop.mp4
680,5.4,7.151,15.0,single_hand,servings60_crop.mp4
681,8.151,9.907,15.0,single_hand,servings60_crop.mp4
682,10.734,11.984,15.0,single_hand,servings60_crop.mp4
683,12.99,14.978,15.0,single_hand,servings60_crop.mp4
684,0.4,1.65,17.867,single_hand,servings61_crop.mp4
685,2.15,3.4,17.867,single_hand,servings61_crop.mp4
686,4.401,5.404,17.867,single_hand,servings61_crop.mp4
687,6.154,7.404,17.867,single_hand,servings61_crop.mp4
688,8.404,9.734,17.867,single_hand,servings61_crop.mp4
689,10.364,11.494,17.867,single_hand,servings61_crop.mp4
690,12.234,13.234,17.867,single_hand,servings61_crop.mp4
691,13.984,14.985,17.867,single_hand,servings61_crop.mp4
692,16.237,17.401,17.867,single_hand,servings61_crop.mp4
693,1.654,3.153,4.767,single_hand,servings62_crop.mp4
694,5.155,6.651,7.967,single_hand,servings63_crop.mp4
